year,per capita income pred (US$)
2020,41288.69409441762
2030,49573.34484664467
2040,57857.99559887173
2050,66142.64635109878
